1,adam weaver
2,donny bracken
adam weaver,jo
adam weaver,jo
adam weaver,jo
adam weaver,jo
adam weaver,jo
jo,shmoe
jo,shmoe
jo,shmoe
jo,shmoe
jo,shmoe
shmoe,john
shmoe,john
shmoe,john
shmoe,john
shmoe,john
john,deer
john,deer
john,deer
john,deer
john,deer
deer,bob
deer,bob
deer,bob
deer,bob
deer,bob
bob,ross
bob,ross
bob,ross
bob,ross
bob,ross
ross,elon
ross,elon
ross,elon
ross,elon
ross,elon
elon,musk
elon,musk
elon,musk
elon,musk
elon,musk
musk,lindsey
musk,lindsey
musk,lindsey
musk,lindsey
musk,lindsey
lindsey,reich
lindsey,reich
lindsey,reich
lindsey,reich
reich,donny
reich,donny
reich,donny
reich,donny
reich,donny
donny,bracken
donny,bracken
donny,bracken
donny,bracken
donny bracken,tyler
donny bracken,tyler
donny bracken,tyler
donny bracken,tyler
donny bracken,tyler
tyler,crowther
tyler,crowther
tyler,crowther
tyler,crowther
crowther,hanna
crowther,hanna
crowther,hanna
crowther,hanna
crowther,hanna
hanna,crowther
hanna,crowther
hanna,crowther
hanna,crowther
crowther,billy
crowther,billy
crowther,billy
crowther,billy
crowther,billy
billy,graham
billy,graham
billy,graham
billy,graham
billy,graham
graham,chris
graham,chris
graham,chris
graham,chris
graham,chris
chris,hemsworth
chris,hemsworth
chris,hemsworth
chris,hemsworth
chris,hemsworth
hemsworth,alex
hemsworth,alex
hemsworth,alex
hemsworth,alex
hemsworth,alex
alex,neilson
alex,neilson
alex,neilson
alex,neilson
neilson,adam
neilson,adam
neilson,adam
neilson,adam
neilson,adam
adam,weaver
adam,weaver
adam,weaver
adam,weaver
alex neilson,megan
alex neilson,megan
alex neilson,megan
alex neilson,megan
alex neilson,megan
megan,fox
megan,fox
megan,fox
megan,fox
megan,fox
fox,michelle
fox,michelle
fox,michelle
fox,michelle
fox,michelle
michelle,obama
michelle,obama
michelle,obama
michelle,obama
michelle,obama
obama,oprah
obama,oprah
obama,oprah
obama,oprah
obama,oprah
oprah,winfrey
oprah,winfrey
oprah,winfrey
oprah,winfrey
oprah,winfrey
winfrey,jimmy
winfrey,jimmy
winfrey,jimmy
winfrey,jimmy
winfrey,jimmy
jimmy,fallon
jimmy,fallon
jimmy,fallon
jimmy,fallon
jimmy,fallon
fallon,adam
fallon,adam
fallon,adam
fallon,adam
fallon,adam
adam,weaver
adam,weaver
adam,weaver
adam,weaver
weaver,donny
weaver,donny
weaver,donny
weaver,donny
weaver,donny
donny,bracken
donny,bracken
donny,bracken
donny,bracken
lindsey reich,bob
lindsey reich,bob
lindsey reich,bob
lindsey reich,bob
lindsey reich,bob
bob,ross
bob,ross
bob,ross
bob,ross
bob,ross
ross,jeff
ross,jeff
ross,jeff
ross,jeff
ross,jeff
jeff,bezos
jeff,bezos
jeff,bezos
jeff,bezos
jeff,bezos
bezos,joe
bezos,joe
bezos,joe
bezos,joe
bezos,joe
joe,biden
joe,biden
joe,biden
joe,biden
joe,biden
biden,abraham
biden,abraham
biden,abraham
biden,abraham
biden,abraham
abraham,lincoln
abraham,lincoln
abraham,lincoln
abraham,lincoln
abraham,lincoln
lincoln,john
lincoln,john
lincoln,john
lincoln,john
lincoln,john
john,kennedey
john,kennedey
john,kennedey
john,kennedey
john,kennedey
kennedey,niel
kennedey,niel
kennedey,niel
kennedey,niel
kennedey,niel
niel,armstrong
niel,armstrong
niel,armstrong
niel,armstrong
niel,armstrong
tyler crowther,adam
tyler crowther,adam
tyler crowther,adam
tyler crowther,adam
tyler crowther,adam
adam,weaver
adam,weaver
adam,weaver
adam,weaver
weaver,hanna
weaver,hanna
weaver,hanna
weaver,hanna
weaver,hanna
hanna,crowther
hanna,crowther
hanna,crowther
hanna,crowther
crowther,ben
crowther,ben
crowther,ben
crowther,ben
crowther,ben
ben,shapiro
ben,shapiro
ben,shapiro
ben,shapiro
ben,shapiro
shapiro,jordan
shapiro,jordan
shapiro,jordan
shapiro,jordan
shapiro,jordan
jordan,peterson
jordan,peterson
jordan,peterson
jordan,peterson
jordan,peterson
peterson,floyd
peterson,floyd
peterson,floyd
peterson,floyd
peterson,floyd
floyd,maywether
floyd,maywether
floyd,maywether
floyd,maywether
floyd,maywether
maywether,napoleon
maywether,napoleon
maywether,napoleon
maywether,napoleon
maywether,napoleon
napoleon,dynamite
napoleon,dynamite
napoleon,dynamite
napoleon,dynamite
napoleon,dynamite
